berthId,length_m,width_m,depth_m,maxLOA_m,maxBeam_m,maxDraft_m,maxDWT_t,allowedTypes,gantryCranes,mobileCranes,roRoRamp,shorePower,lastMaintenance
1,42,37,15,16,,30,91,RORO,,,,,
2,79,21,54,43,95,54,97,OTHER,,,,true,
3,93,23,61,29,,14,38,BULK,,,false,,
4,21,30,45,62,,69,36,RORO,,,true,true,
5,58,51,3,34,,70,72,OTHER,,,,,
6,63,72,1,53,,96,92,CRUISE,,,,,
7,6,54,22,73,,24,36,OTHER,,3,,false,
8,46,19,49,60,,90,69,CONTAINER,,,,true,4/22/2025
9,94,69,70,97,,29,98,CRUISE,,,,,11/16/2024
10,29,19,100,80,,61,19,CONTAINER,74,,,,
11,40,73,2,34,,56,71,RORO,70,44,,true,
12,28,18,77,62,,100,73,BULK,25,22,false,,
13,96,71,63,88,,20,7,TANKER,,28,false,,7/22/2024
14,9,24,25,44,50,46,12,BULK,,57,,,
15,86,80,16,98,,55,2,TANKER,,,true,,
16,63,7,11,37,,66,72,RORO,,,false,,
17,52,10,28,81,,72,13,CONTAINER,45,,,,10/7/2024
18,37,37,38,100,,61,81,BULK,,,,true,
19,30,3,48,2,,25,6,RORO,79,22,,,10/23/2024
20,19,78,72,35,,3,81,OTHER,26,,,false,
21,2,17,74,52,51,82,50,TANKER,,33,,true,
22,58,38,89,97,,30,77,TANKER,3,0,false,,
23,47,55,41,54,,89,29,TANKER,,31,,,
24,11,58,47,80,,59,46,BULK,,,,true,6/9/2024
25,56,42,21,71,5,48,19,RORO,,,true,,
26,58,91,39,59,,78,4,BULK,42,,false,,
27,78,60,54,75,,91,6,RORO,,,,,
28,32,17,34,8,,94,9,CONTAINER,,,false,false,
29,86,83,27,82,,78,55,OTHER,100,,,,
30,19,47,21,19,,16,34,OTHER,,,true,,
31,81,35,64,22,,97,63,CONTAINER,,38,,false,1/1/2025
32,54,72,8,55,4,11,37,CONTAINER,,,,,
33,66,21,68,56,12,41,27,RORO,,78,,,
34,76,62,55,16,,78,33,CRUISE,38,,true,,
35,41,71,89,24,64,43,44,RORO,,67,false,,2/3/2025
36,9,35,90,92,,39,81,OTHER,,,false,false,
37,83,2,37,82,,15,98,TANKER,60,20,,,4/2/2025
38,45,31,54,88,,87,6,CONTAINER,,,,,6/13/2024
39,51,37,95,13,,86,56,CONTAINER,,72,,,9/15/2024
40,13,68,60,46,,21,92,CRUISE,,,,true,5/21/2024
41,11,51,19,10,,1,23,CRUISE,,32,,,3/13/2025
42,12,97,28,80,22,4,58,RORO,,,,,
43,77,69,87,100,,48,23,OTHER,100,,,,
44,91,20,37,70,13,25,58,CONTAINER,,39,,,
45,25,83,78,93,,1,68,OTHER,16,,,false,
46,70,18,90,60,,95,98,OTHER,39,,,,
47,99,43,44,3,,36,31,CONTAINER,,90,,,
48,1,66,73,81,37,28,15,BULK,,,,,
49,61,23,100,16,,20,47,CRUISE,,81,,true,
50,16,36,24,64,,36,35,RORO,50,,,false,
51,27,26,98,66,39,43,33,TANKER,,,,,6/4/2024
52,13,19,32,69,,69,100,BULK,,,,false,9/21/2024
53,20,86,16,16,76,99,23,OTHER,,,,,
54,73,62,86,18,,99,64,BULK,,,false,,10/27/2024
55,93,72,88,12,38,36,13,CRUISE,15,,true,,
56,83,93,5,25,,99,54,TANKER,,,,,
57,26,37,86,53,50,2,33,OTHER,57,43,,true,5/31/2024
58,32,99,64,51,,26,16,CONTAINER,,,,false,
59,22,88,37,66,,48,50,CONTAINER,39,,,,10/22/2024
60,32,12,21,76,39,18,79,CRUISE,,,,,
61,28,49,41,64,,72,2,CRUISE,,,true,true,
62,67,60,26,51,,94,14,TANKER,,91,true,,
63,95,54,75,60,,19,28,CRUISE,54,,,,12/13/2024
64,73,36,11,99,36,89,4,BULK,,,false,false,
65,69,42,90,46,10,6,18,OTHER,10,37,false,,
66,93,46,96,48,62,70,90,CRUISE,,,false,,
67,36,37,96,3,,50,12,OTHER,,,,,
68,35,40,55,51,37,67,11,OTHER,47,47,,true,
69,91,5,32,13,,21,99,RORO,,,false,,
70,28,90,30,77,,37,60,TANKER,,,,false,5/1/2025
71,32,44,71,94,,73,20,CONTAINER,,,,false,3/8/2025
72,98,11,26,91,,79,22,CRUISE,23,,false,,
73,44,52,4,79,4,25,9,OTHER,,,,,
74,23,88,14,68,,76,25,RORO,,,,true,
75,10,51,57,66,,38,54,CRUISE,,16,,,
76,42,73,66,34,,91,85,OTHER,13,32,false,,
77,6,44,59,91,57,38,53,BULK,92,65,false,true,8/1/2024
78,42,30,46,45,,42,80,RORO,,,,false,
79,3,22,39,94,,23,88,OTHER,,,,,
80,71,75,17,27,,21,20,BULK,75,,true,,
81,33,25,94,77,25,72,92,TANKER,,,,,12/13/2024
82,54,62,98,72,,96,65,BULK,38,36,false,,
83,23,8,64,13,,43,11,OTHER,,11,,false,10/29/2024
84,94,23,80,92,,27,60,BULK,,,,false,6/21/2024
85,94,13,91,15,56,73,44,CONTAINER,,,,,
86,84,92,27,68,,72,89,BULK,4,,,,
87,27,1,12,11,,40,92,OTHER,80,,,,3/30/2025
88,69,7,76,22,73,92,33,TANKER,82,,,,12/14/2024
89,33,65,84,10,,53,3,RORO,83,,,,
90,45,2,34,67,,75,79,CONTAINER,,,,,
91,26,5,73,44,,59,97,CONTAINER,,,false,,4/21/2025
92,21,76,45,90,,27,64,BULK,,3,,,
93,16,56,48,65,,91,82,BULK,41,,false,true,
94,21,69,26,91,,46,24,TANKER,70,60,,,
95,34,94,75,70,,19,66,CONTAINER,,,,,
96,10,13,92,74,46,35,32,RORO,,,,false,11/5/2024
97,95,65,70,15,,6,100,RORO,,21,false,,
98,6,97,5,29,,72,44,RORO,,,,,11/24/2024
99,51,54,1,51,,100,19,BULK,,84,,,
100,3,75,18,20,22,24,66,RORO,,,,false,5/30/2024
101,87,86,84,9,77,4,22,TANKER,,10,,,
102,35,87,82,60,,29,99,CRUISE,,17,true,,9/24/2024
103,66,33,55,60,85,13,63,CRUISE,,,,false,
104,74,21,5,25,77,70,61,BULK,,,,true,6/7/2024
105,71,12,99,45,,83,19,BULK,,,true,false,
106,13,67,95,77,23,53,67,OTHER,,,,,9/16/2024
107,46,77,74,43,,56,62,CONTAINER,,92,,true,
108,18,34,48,1,53,3,92,CRUISE,,64,,,
109,50,22,62,29,,84,80,OTHER,100,,,false,1/31/2025
110,20,59,37,85,28,29,63,RORO,,,,,
111,68,21,10,82,,93,5,OTHER,,,,,11/26/2024
112,61,49,57,75,,35,64,TANKER,96,,,false,12/17/2024
113,2,95,24,35,82,24,34,BULK,66,47,,true,
114,52,28,94,94,,44,97,TANKER,,18,,,
115,66,1,50,94,,51,37,CRUISE,26,,,,
116,92,5,10,70,,29,61,CRUISE,38,,,false,10/17/2024
117,20,81,73,75,,25,28,TANKER,,,false,false,4/9/2025
118,30,47,5,40,,37,51,RORO,60,64,false,,10/30/2024
119,23,77,49,7,,44,9,TANKER,,,,,
120,13,69,44,96,,1,4,BULK,,,,,
121,32,71,23,73,31,18,18,RORO,,,,false,1/27/2025
122,26,33,97,50,,73,7,BULK,,,,,
123,18,64,60,3,,22,57,TANKER,,,,false,
124,79,61,95,69,,52,54,CRUISE,,,,true,
125,5,62,68,13,,61,37,CONTAINER,,,,,
126,64,91,97,95,,91,86,RORO,,71,true,,
127,35,66,91,38,,10,30,BULK,,,,false,
128,63,49,44,1,71,84,21,OTHER,,91,,,
129,20,62,72,87,57,92,50,TANKER,47,47,,,7/26/2024
130,97,11,65,71,40,66,34,CONTAINER,,,,false,3/21/2025
131,96,84,78,75,,28,57,RORO,,,false,,
132,13,33,81,81,99,99,95,CONTAINER,,,,,
133,57,80,99,68,,86,31,BULK,,,,,
134,24,87,1,56,,43,88,CRUISE,73,,,,1/31/2025
135,63,46,3,81,,20,68,RORO,23,47,,,
136,25,7,44,30,37,42,74,CRUISE,,,,,
137,23,38,66,69,,63,34,TANKER,,,true,,
138,29,18,34,26,,57,69,RORO,,,,,
139,12,29,76,100,95,47,61,RORO,,,,,
140,65,70,94,11,58,26,11,CONTAINER,4,79,false,false,
141,96,86,24,89,49,53,8,CRUISE,91,,,,3/20/2025
142,19,97,9,39,,20,84,RORO,,,true,false,
143,97,97,49,28,,16,81,BULK,,,,,
144,16,23,23,56,94,42,20,CONTAINER,,,,false,
145,99,75,60,12,,84,11,BULK,,,false,,
146,41,92,80,78,,96,5,OTHER,,,false,,
147,82,34,88,72,,17,26,RORO,91,,,false,
148,97,15,78,43,,83,39,CONTAINER,92,59,,,7/19/2024
149,61,32,29,94,11,91,64,BULK,,,,,
150,6,46,26,96,,29,13,RORO,,,true,false,
151,78,76,20,79,21,76,3,TANKER,,63,,true,
152,1,93,31,55,57,1,40,RORO,,,,,
153,53,94,20,52,72,54,53,OTHER,,,,,4/10/2025
154,23,13,10,45,,49,89,OTHER,,,,,
155,90,24,53,82,,7,80,TANKER,,,,false,9/11/2024
156,18,18,67,49,74,77,34,BULK,,,,,1/15/2025
157,77,15,69,51,79,76,42,RORO,,89,,true,
158,29,73,53,26,,44,20,RORO,23,1,true,,
159,54,6,7,1,,24,11,CONTAINER,,,,,
160,30,29,59,61,52,59,33,BULK,32,,false,,8/3/2024
161,12,14,99,53,7,32,41,CRUISE,23,51,true,,
162,8,68,90,42,39,45,24,OTHER,61,,,false,
163,72,24,25,3,,21,47,CRUISE,,12,,,
164,42,97,47,26,,9,4,CRUISE,74,87,,true,
165,38,82,39,55,10,75,1,CRUISE,,,,true,11/15/2024
166,97,78,13,10,,61,26,RORO,,,,true,
167,8,49,22,62,,8,81,BULK,,,true,false,7/11/2024
168,80,64,91,94,51,100,83,TANKER,,,true,false,
169,33,57,14,35,18,44,72,TANKER,,,false,,
170,91,99,59,53,,27,8,TANKER,,,true,true,2/1/2025
171,2,7,77,49,37,82,74,OTHER,,,,,
172,95,15,58,13,,49,45,BULK,,,false,false,
173,30,90,48,68,,84,80,TANKER,,,,false,
174,96,1,22,16,,71,45,RORO,,5,true,false,5/16/2025
175,47,82,63,76,64,70,71,CRUISE,,,true,,2/15/2025
176,75,37,3,15,,60,76,OTHER,27,33,true,false,
177,12,28,45,29,,59,85,OTHER,,,true,,7/3/2024
178,97,92,60,32,,71,87,OTHER,,10,,,
179,95,58,85,83,7,54,11,OTHER,,9,,false,9/29/2024
180,82,28,64,66,54,93,58,RORO,,,,false,
181,47,14,26,82,,86,50,CRUISE,,,,,4/6/2025
182,41,86,51,13,53,72,81,OTHER,,,,false,
183,100,64,54,10,,71,71,BULK,,,,false,
184,100,53,65,83,75,79,35,OTHER,,1,,,
185,4,21,84,70,72,50,96,CONTAINER,,87,false,true,
186,47,25,67,73,,48,66,TANKER,,,true,,
187,33,59,1,39,,10,38,RORO,95,,true,,7/22/2024
188,14,42,38,88,,44,79,CRUISE,,,,,
189,90,79,73,12,,18,16,CRUISE,,,false,,
190,53,38,62,6,76,25,18,OTHER,,,,,
191,17,73,94,23,35,11,78,RORO,,12,,,
192,39,62,34,69,23,22,91,CONTAINER,,59,,,
193,57,53,11,68,81,69,41,CRUISE,30,,,false,
194,15,6,21,83,,5,79,RORO,,17,,,10/25/2024
195,13,37,65,81,37,87,71,RORO,,,true,false,
196,75,82,98,92,,37,12,OTHER,31,,,,2/6/2025
197,31,25,27,100,,81,17,BULK,,,,true,
198,75,70,74,17,,42,34,BULK,,,,,10/19/2024
199,72,20,95,65,,57,89,OTHER,,,true,false,5/29/2024
200,99,7,14,1,19,100,67,OTHER,,,false,,
201,95,34,58,62,31,64,82,RORO,72,41,,true,
202,99,16,57,32,,42,17,TANKER,,,true,,
203,47,59,70,95,,8,29,CRUISE,,,,,
204,26,98,87,47,79,41,38,TANKER,50,,,,
205,50,10,12,35,,27,97,CRUISE,79,,,,
206,45,51,67,79,,77,23,OTHER,34,,,,
207,32,87,62,80,,84,45,RORO,,,,,
208,92,100,90,78,30,77,26,TANKER,,,,,
209,39,61,22,88,85,26,6,RORO,,,,true,
210,77,7,54,45,,83,77,CRUISE,88,,true,,
211,44,89,80,1,,86,17,CONTAINER,,,,,10/15/2024
212,100,8,91,86,,17,66,RORO,,,false,,
213,39,56,65,21,,65,85,OTHER,,,,,3/31/2025
214,57,38,14,70,,67,91,CONTAINER,,,,false,
215,43,97,48,70,,40,58,CRUISE,4,,,false,
216,28,61,19,47,7,61,1,CRUISE,40,,true,,
217,45,10,77,71,,36,37,BULK,,,,true,8/3/2024
218,42,75,44,60,,55,10,BULK,,,,true,
219,90,51,66,12,36,51,83,BULK,,,,,
220,30,8,65,34,,47,9,CRUISE,,45,,false,
221,93,31,87,89,34,75,46,CONTAINER,,,,,
222,45,42,68,7,92,50,81,TANKER,,18,,,
223,96,6,85,53,2,46,36,BULK,,69,false,true,3/15/2025
224,97,10,26,54,,62,27,CRUISE,,,,,
225,61,10,48,67,,19,3,OTHER,100,50,false,true,6/8/2024
226,26,41,3,45,,17,20,CONTAINER,,81,false,true,
227,33,74,48,88,,28,52,RORO,,,,false,
228,9,68,100,26,81,82,79,OTHER,,23,,true,
229,48,12,58,85,,85,31,CRUISE,,,,,
230,46,50,48,56,,13,77,TANKER,,30,,true,
231,17,7,6,73,,55,4,OTHER,100,,,,
232,91,72,69,37,,87,74,BULK,68,,,,2/6/2025
233,86,92,70,55,36,9,18,TANKER,,,true,,10/20/2024
234,67,69,27,6,66,74,35,CONTAINER,,,,,3/10/2025
235,41,41,65,50,11,2,37,CRUISE,,,,,
236,48,94,4,88,,62,86,CONTAINER,87,,,,2/10/2025
237,39,64,43,27,46,22,25,OTHER,,,,,12/24/2024
238,97,68,46,84,,71,33,CONTAINER,80,,true,,
239,93,68,96,35,,13,10,TANKER,24,,,,
240,2,79,48,42,,9,63,CONTAINER,22,,,false,
241,16,87,36,96,,21,72,CONTAINER,,,,,
242,53,45,33,11,,96,21,BULK,86,76,false,true,
243,20,59,88,12,38,3,48,RORO,,,true,true,
244,17,53,65,32,,100,22,CRUISE,,,,,
245,80,43,86,73,91,63,21,CRUISE,94,,,,
246,56,70,2,68,,2,62,RORO,12,,false,,
247,74,27,7,24,,92,10,CONTAINER,42,,,,
248,88,61,20,27,,86,42,RORO,58,,,,
249,15,40,67,27,,67,30,CRUISE,23,,false,false,7/9/2024
250,41,33,11,10,,97,37,CRUISE,,44,,false,1/28/2025
251,37,40,57,83,5,57,51,OTHER,,,,,
252,27,93,20,33,42,78,14,OTHER,95,,false,true,
253,44,62,36,51,,30,6,BULK,54,36,,,
254,44,94,94,24,,41,45,BULK,43,,,,
255,97,24,15,4,,75,20,CONTAINER,,,,,6/25/2024
256,100,48,56,51,,13,3,TANKER,,,,,
257,9,73,15,12,,43,68,CONTAINER,,,true,,
258,40,16,16,11,,2,81,OTHER,5,79,,,
259,69,50,4,31,,89,12,BULK,87,,,,12/18/2024
260,42,34,80,29,94,81,11,BULK,,,,,1/14/2025
261,97,96,99,98,,83,63,BULK,,,,true,
262,29,85,60,56,,95,82,BULK,100,,,,
263,66,89,46,86,,43,50,CRUISE,,,,,
264,53,92,11,97,,8,16,TANKER,66,,,true,8/5/2024
265,11,70,23,8,,20,83,CRUISE,7,,,,12/17/2024
266,82,33,24,75,48,18,6,CONTAINER,,86,false,false,
267,42,90,88,19,,26,27,CONTAINER,,,false,,
268,17,65,15,30,,93,99,CRUISE,,,,,
269,95,95,67,56,,21,88,CRUISE,,,,,
270,41,45,17,41,,67,67,BULK,,,true,true,
271,90,47,41,16,,74,85,OTHER,64,,,,
272,53,82,72,97,,93,16,RORO,,,true,,1/16/2025
273,80,89,39,95,,75,50,OTHER,40,,,,
274,79,81,15,43,,54,22,CRUISE,56,34,,true,6/16/2024
275,37,29,28,15,,55,51,OTHER,,37,,,
276,49,1,65,77,,23,15,RORO,,,,,10/1/2024
277,22,55,100,42,,43,92,BULK,,,false,,
278,6,52,74,48,,72,73,CRUISE,24,,,,
279,77,38,66,26,66,10,89,OTHER,84,,true,false,
280,19,77,81,54,,27,64,CONTAINER,0,,true,,
281,84,32,32,45,,35,31,CRUISE,,,,,
282,60,54,31,31,,70,2,CRUISE,47,93,false,,
283,74,26,42,86,,26,95,RORO,,,,,
284,6,71,62,37,,36,38,CONTAINER,14,,true,,
285,85,16,84,89,,55,42,TANKER,,74,false,false,
286,18,87,14,99,,43,63,BULK,,,true,true,
287,1,3,81,11,82,64,75,CONTAINER,,,false,,12/4/2024
288,68,90,65,5,52,52,55,BULK,35,,,,5/2/2025
289,70,100,30,90,29,24,95,RORO,,,,,10/12/2024
290,80,51,77,39,,86,39,OTHER,,,,,6/16/2024
291,74,35,5,67,2,68,85,CRUISE,72,,,,
292,69,51,10,46,,28,81,BULK,18,,,false,9/24/2024
293,74,35,61,53,57,65,56,CONTAINER,,,false,,11/2/2024
294,7,33,5,92,73,71,51,BULK,57,20,true,,
295,74,52,20,68,38,90,6,CRUISE,,87,,,
296,88,80,71,80,82,33,65,CRUISE,,,,false,
297,67,33,90,91,,85,35,OTHER,,65,,,
298,94,14,94,63,30,96,74,RORO,,,,true,
299,36,23,18,44,63,59,97,RORO,,80,,,6/27/2024
300,14,66,14,75,,61,94,CONTAINER,,,false,,10/27/2024
301,36,30,28,87,13,48,28,BULK,,,false,true,3/14/2025
302,64,54,5,86,59,72,68,RORO,20,,,,10/25/2024
303,44,95,45,32,,94,91,CRUISE,,1,,,
304,22,23,3,30,,66,58,CRUISE,2,,,,9/29/2024
305,25,33,87,80,,57,78,RORO,99,,true,false,
306,85,56,38,80,24,20,86,TANKER,,67,,,8/7/2024
307,86,87,47,69,,63,33,BULK,,,,,12/13/2024
308,32,30,87,36,,84,54,BULK,,,false,,
309,48,70,20,55,,25,16,OTHER,45,,,true,
310,75,48,99,77,,2,54,BULK,,,,true,
311,34,44,68,74,,9,54,CONTAINER,,,,false,
312,70,36,33,87,,78,14,CONTAINER,,49,,,12/8/2024
313,29,65,95,21,,62,99,CRUISE,,,true,,
314,19,87,88,99,,47,85,BULK,0,13,,,
315,60,77,48,85,3,96,96,TANKER,47,,,,6/14/2024
316,10,10,27,94,52,66,26,OTHER,,,,,
317,78,63,67,85,,16,20,TANKER,,68,,true,
318,44,6,20,39,,6,3,RORO,,,,true,
319,21,33,30,79,,84,40,RORO,,,true,,12/21/2024
320,68,11,29,79,,20,12,CONTAINER,,,true,,
321,38,91,1,86,,8,88,RORO,,22,,,
322,6,51,23,4,35,71,47,CONTAINER,35,,false,,12/23/2024
323,92,92,30,89,15,45,38,CRUISE,78,,false,,
324,28,90,55,38,,29,95,OTHER,,,,true,
325,14,76,75,70,,65,99,OTHER,49,,,,8/5/2024
326,66,68,76,47,59,11,25,RORO,,76,,,
327,50,8,76,24,92,28,26,BULK,,32,,false,
328,25,36,18,57,39,20,15,OTHER,,80,,false,
329,6,42,94,86,,98,41,RORO,21,57,,,
330,38,90,81,1,,54,72,TANKER,,,,,
331,52,75,63,27,,74,67,OTHER,,,,,
332,97,51,87,40,60,50,24,CRUISE,41,,,,
333,22,64,93,38,,30,47,CRUISE,,,,,4/30/2025
334,57,73,25,65,83,50,60,CONTAINER,,64,false,true,4/24/2025
335,36,41,24,98,,68,10,CONTAINER,,,,,
336,93,9,83,5,37,50,28,CONTAINER,,,false,,
337,94,17,2,95,,48,33,RORO,,66,,,12/15/2024
338,12,64,81,65,78,81,61,TANKER,,,,,
339,67,73,86,60,,99,24,CONTAINER,,,,true,
340,13,76,65,73,,63,51,BULK,2,25,,,8/23/2024
341,59,1,48,6,,13,86,RORO,,39,,true,10/10/2024
342,29,26,11,4,,57,34,CRUISE,,13,,,8/12/2024
343,36,11,45,20,,75,96,BULK,92,,,false,
344,100,38,27,64,,81,50,CONTAINER,,86,,,8/12/2024
345,79,100,75,95,,33,94,CONTAINER,,20,false,,
346,34,72,71,75,,41,18,CRUISE,,17,,,
347,52,95,31,68,,34,81,RORO,,,,,5/25/2024
348,62,17,31,42,,44,78,OTHER,,71,,,
349,78,90,73,6,79,85,80,BULK,,,,,
350,1,29,25,54,,21,33,CONTAINER,,,,,6/24/2024
351,93,29,7,81,,13,25,RORO,,,,false,2/16/2025
352,55,86,16,30,,79,83,RORO,,,false,false,
353,26,92,94,60,44,26,71,RORO,,,false,,
354,5,2,69,27,,14,90,RORO,,,,false,
355,31,59,92,80,42,13,26,CRUISE,88,,,true,1/23/2025
356,18,11,23,38,,23,100,BULK,70,70,false,,8/25/2024
357,69,56,98,25,4,56,51,TANKER,,,,,
358,4,59,45,1,100,44,84,CONTAINER,,,true,false,
359,73,85,75,24,,33,32,TANKER,,,,,2/2/2025
360,60,93,9,45,,71,85,BULK,24,46,,,
361,64,36,25,31,,76,17,CRUISE,,,,,
362,52,14,12,46,,8,61,OTHER,88,,,,
363,10,8,70,68,,90,39,RORO,,,,,
364,27,49,12,35,,42,23,CONTAINER,,81,,,3/31/2025
365,84,59,16,57,40,15,18,RORO,61,,true,,
366,10,89,35,24,67,22,90,CONTAINER,,7,,,
367,33,23,63,32,95,89,50,OTHER,,,,false,4/10/2025
368,95,83,68,74,,76,70,OTHER,,,,,
369,48,25,45,90,,10,91,RORO,74,,,,
370,59,6,24,86,12,83,20,CONTAINER,,,,,2/19/2025
371,84,79,42,55,,30,96,OTHER,27,,false,false,
372,71,74,17,44,42,99,42,CRUISE,,,,,12/29/2024
373,68,14,41,68,,67,3,CRUISE,,,false,,10/19/2024
374,55,14,56,60,,81,39,RORO,,,,,
375,100,56,81,32,,87,53,CONTAINER,,26,,,
376,49,39,45,4,,12,53,TANKER,42,,,false,
377,15,63,79,71,,52,62,OTHER,,,,false,
378,17,61,86,62,,89,55,CONTAINER,,,,,5/7/2025
379,86,56,26,69,,50,67,BULK,,,false,,6/25/2024
380,41,96,35,33,,32,22,BULK,,36,,,8/7/2024
381,58,65,6,60,,3,18,OTHER,60,,true,true,3/29/2025
382,6,73,71,77,,59,19,OTHER,,85,,true,
383,18,97,80,41,,54,9,CRUISE,,,,,2/14/2025
384,76,83,24,21,87,9,7,CRUISE,,,false,false,
385,39,29,50,5,15,48,46,CRUISE,,,,,
386,43,41,59,34,,78,77,RORO,,,,,
387,15,19,10,95,,57,68,CRUISE,,,,true,3/24/2025
388,71,53,36,45,92,25,47,RORO,,12,,,
389,57,33,97,39,,12,47,CONTAINER,34,99,false,,
390,5,71,53,98,,37,15,BULK,15,,,true,
391,85,84,41,15,,20,48,CRUISE,,,,,
392,22,12,47,63,,83,32,CONTAINER,,41,,true,
393,39,3,51,47,42,13,72,RORO,,,,true,3/13/2025
394,21,70,70,1,,27,77,RORO,,,,,
395,58,25,8,54,6,59,60,RORO,,,,,
396,50,21,97,9,,4,25,BULK,,,,true,8/4/2024
397,23,19,90,4,,46,74,CONTAINER,,,false,,
398,51,52,29,23,,97,94,RORO,,,,,2/28/2025
399,47,90,85,82,,65,36,OTHER,43,,,true,8/7/2024
400,87,35,23,6,,35,21,OTHER,,,,,
401,43,7,53,45,,51,15,TANKER,,,,,11/27/2024
402,12,47,62,36,,84,85,CRUISE,52,,false,,
403,27,21,96,50,,100,14,RORO,65,,,false,
404,30,63,36,22,37,84,93,CONTAINER,,,,,9/23/2024
405,42,58,11,60,,81,8,CONTAINER,55,,,,
406,81,34,10,9,,87,58,CONTAINER,91,30,,,
407,73,56,64,65,,54,42,OTHER,,2,,false,
408,14,1,44,44,,4,45,OTHER,,,false,false,
409,7,77,99,6,,22,24,TANKER,,63,,,6/24/2024
410,69,62,24,73,99,29,71,CRUISE,,8,,,
411,65,3,40,77,,96,24,BULK,,,,,
412,68,16,13,40,,91,8,TANKER,,46,,false,
413,37,51,84,93,,34,71,TANKER,,,false,,
414,90,28,60,80,,36,8,TANKER,63,,,,
415,64,35,36,86,8,51,28,TANKER,6,,,true,4/19/2025
416,90,19,22,26,,5,69,TANKER,46,,false,,
417,45,80,86,96,41,49,21,OTHER,,,,,
418,96,7,19,30,,93,37,CRUISE,63,77,,true,
419,80,84,36,15,2,47,6,BULK,,,,true,
420,7,8,27,76,,99,100,CONTAINER,74,,,,
421,28,89,26,37,,57,31,OTHER,,,,,
422,69,7,41,74,,84,27,CONTAINER,,,false,,9/28/2024
423,47,76,5,34,74,59,33,BULK,33,,,,
424,12,26,11,72,,95,81,RORO,,,,,
425,38,21,92,77,,45,25,RORO,91,,,,
426,27,50,66,12,,60,66,OTHER,,,false,,
427,82,38,41,41,,77,31,CRUISE,,,,,
428,22,75,97,74,,46,12,RORO,,,,,
429,37,54,95,97,,17,44,RORO,,,true,,4/27/2025
430,56,68,34,54,,72,56,CONTAINER,,71,,,10/28/2024
431,75,55,55,33,26,41,31,CONTAINER,,,,,7/18/2024
432,49,41,78,78,78,11,23,CONTAINER,,34,true,,7/29/2024
433,5,43,4,30,25,65,76,TANKER,37,96,,,7/20/2024
434,57,79,58,64,,27,72,RORO,,,,,
435,45,4,26,4,,48,42,CRUISE,,61,,,
436,62,84,53,8,57,75,42,CONTAINER,,,,false,
437,63,20,82,69,,64,81,OTHER,,,,false,
438,85,54,60,49,,25,97,CRUISE,65,,,,
439,45,30,57,75,,79,36,CONTAINER,,37,,false,
440,91,28,78,21,,33,11,TANKER,,20,,,
441,62,95,36,20,,100,86,CRUISE,,,,true,
442,45,18,71,43,,46,12,TANKER,,,,,10/14/2024
443,14,40,16,20,,73,72,BULK,,,,true,5/28/2024
444,36,43,17,90,,68,17,OTHER,,,,,
445,13,44,81,26,,86,40,TANKER,,,true,,
446,94,51,49,26,88,97,29,OTHER,,,true,,10/28/2024
447,96,54,36,30,58,5,31,OTHER,76,70,,false,2/10/2025
448,20,62,93,70,,2,64,BULK,,,false,,
449,87,2,56,85,42,65,94,OTHER,,,,,
450,56,82,91,24,,27,15,BULK,50,,,,
451,64,22,36,39,,30,86,TANKER,,,,false,4/29/2025
452,69,87,74,2,,91,22,RORO,,52,,true,
453,86,58,92,55,44,77,82,RORO,33,,,false,
454,16,40,85,7,88,19,100,BULK,,,,,
455,45,94,83,53,,74,45,OTHER,22,,,false,5/23/2024
456,30,50,98,41,,24,88,TANKER,93,,,,
457,44,51,95,90,,19,82,CONTAINER,,,,false,3/4/2025
458,29,41,66,81,5,10,48,TANKER,,,,,
459,77,90,56,83,,50,41,CRUISE,,,,,
460,47,84,57,38,24,38,12,OTHER,,67,true,,
461,32,22,86,29,,80,66,RORO,96,,,,5/15/2025
462,1,32,25,9,72,23,74,CRUISE,,,,,7/11/2024
463,54,67,52,13,,18,43,TANKER,,,false,,
464,10,74,48,10,,68,49,CONTAINER,,,,,
465,23,20,80,50,,73,26,OTHER,78,,,,10/27/2024
466,10,1,79,49,,54,46,CRUISE,52,,true,false,8/29/2024
467,24,3,69,18,58,36,62,BULK,94,16,,,1/12/2025
468,54,89,78,80,,67,79,TANKER,,,,,6/13/2024
469,3,66,50,63,9,82,62,CONTAINER,,,,,2/16/2025
470,79,31,13,20,66,88,96,RORO,,20,,,
471,47,50,60,99,,36,47,OTHER,18,,,,
472,38,64,99,76,16,11,1,CRUISE,89,,,,
473,81,70,17,34,,74,98,OTHER,,,false,,
474,74,96,10,57,,2,69,CONTAINER,,,false,,4/21/2025
475,37,20,5,7,,71,39,RORO,,,,,11/17/2024
476,98,4,34,10,,50,20,CONTAINER,,,,,
477,72,18,47,34,61,34,41,RORO,2,,,false,
478,32,47,48,3,55,95,53,TANKER,74,,false,,4/19/2025
479,87,35,23,39,18,86,77,CRUISE,,,,,
480,78,55,35,69,48,60,76,TANKER,,16,,false,
481,47,29,14,94,,95,3,CRUISE,,,,true,
482,60,10,50,19,58,40,88,OTHER,,,,,7/21/2024
483,96,92,88,1,55,100,70,CRUISE,,,,false,
484,60,23,68,11,64,57,48,CRUISE,,,,,
485,46,19,17,87,,77,42,TANKER,,,,,
486,53,77,47,23,,75,52,BULK,,,,,
487,58,61,99,90,,77,35,TANKER,,98,,,4/5/2025
488,36,61,29,27,12,39,60,RORO,,,,,
489,71,66,53,3,,94,79,CRUISE,,,,true,
490,15,98,6,23,,17,72,CRUISE,,,,false,
491,73,18,2,74,,6,49,RORO,32,,,,
492,87,7,66,7,,80,49,RORO,,,true,true,
493,95,48,10,74,,86,65,CONTAINER,,67,,,
494,78,86,66,39,,1,26,CONTAINER,,,,,
495,14,18,44,82,,27,98,CONTAINER,,,false,,
496,73,92,90,99,11,19,50,CONTAINER,,,,,3/22/2025
497,76,77,16,35,,39,13,CONTAINER,26,,true,true,
498,15,79,53,42,,35,10,OTHER,,,,,
499,10,34,69,81,,29,52,RORO,,,false,,
500,20,51,32,21,,10,90,CRUISE,,,,,
501,35,11,55,95,41,44,75,CRUISE,,,,,
502,74,78,7,17,,76,85,CRUISE,,41,,,1/13/2025
503,99,70,49,11,42,52,6,BULK,46,30,,false,
504,34,93,58,30,,42,30,BULK,,,,,
505,100,46,37,58,,87,37,OTHER,50,4,,true,9/12/2024
506,83,84,12,29,,54,1,CRUISE,88,40,,,5/17/2024
507,28,71,100,95,26,62,90,TANKER,,,,,
508,32,7,54,22,,49,70,CONTAINER,,,false,,
509,93,94,47,44,,2,56,CRUISE,,,,false,
510,31,2,99,28,,10,14,BULK,,93,,false,
511,40,46,78,36,8,73,89,CRUISE,,,,,
512,41,49,11,3,,24,95,CRUISE,,,false,,6/28/2024
513,37,40,59,80,,86,61,BULK,,80,true,false,
514,69,45,32,33,64,27,83,CRUISE,,,,,
515,86,51,12,64,,46,52,TANKER,51,,false,,
516,19,61,72,17,19,93,13,OTHER,75,,,true,
517,72,18,49,10,12,69,86,CONTAINER,,,,,
518,81,99,31,95,97,93,40,BULK,,,,,
519,50,96,33,41,,80,44,RORO,5,,,,
520,94,54,4,83,,88,32,BULK,,78,,false,
521,93,98,22,59,,57,51,OTHER,,52,,,
522,20,82,36,28,22,32,72,OTHER,,,,,
523,49,50,14,65,,56,47,CONTAINER,,48,,,
524,62,54,35,92,,17,36,BULK,,,,false,
525,69,29,6,57,30,85,63,TANKER,89,73,true,,6/2/2024
526,14,71,75,30,,62,13,RORO,65,,true,,1/24/2025
527,55,62,37,43,94,42,19,BULK,,53,,false,
528,16,36,5,98,,27,62,BULK,50,,true,false,9/15/2024
529,72,68,10,61,,77,54,OTHER,,,,,
530,46,41,77,51,,91,84,OTHER,,,false,,
531,2,3,98,69,74,68,60,TANKER,68,,,true,
532,62,83,16,15,,1,37,OTHER,,72,,,
533,60,49,84,34,,22,40,OTHER,,35,,,
534,53,91,47,25,,22,36,CRUISE,88,,,,1/14/2025
535,51,11,32,71,,50,32,CONTAINER,,,true,,2/10/2025
536,100,47,72,36,75,25,96,OTHER,,,,,4/28/2025
537,35,82,90,47,62,34,8,CRUISE,,,false,,3/29/2025
538,63,81,69,64,68,61,71,CRUISE,4,6,,,
539,8,7,53,71,,31,28,TANKER,,,,,3/18/2025
540,62,20,5,72,,54,47,OTHER,,,,false,
541,1,10,60,79,44,68,28,OTHER,7,,false,,
542,97,22,56,27,,78,44,CONTAINER,,,,,
543,23,18,5,48,,15,43,BULK,37,,,,
544,25,89,71,91,36,40,79,BULK,,,,,12/16/2024
545,79,71,82,95,73,51,35,CRUISE,,,,,
546,6,11,19,34,,68,15,CRUISE,,,true,true,
547,93,15,16,57,58,83,38,CONTAINER,,,true,true,
548,80,57,24,35,,70,85,CRUISE,74,,,,9/10/2024
549,49,28,46,57,,15,97,BULK,,33,,true,
550,81,24,58,78,,22,31,CRUISE,,,true,,12/31/2024
551,40,30,21,3,,70,26,TANKER,,,,,1/5/2025
552,17,31,72,40,22,14,3,BULK,,23,,,
553,74,72,75,81,,54,85,BULK,,6,,,
554,64,17,88,77,,42,45,OTHER,54,73,,,
555,10,58,49,9,43,69,77,OTHER,,42,,,11/29/2024
556,36,4,40,81,,90,28,CONTAINER,,65,,,
557,26,40,23,72,,23,41,TANKER,,,,,
558,83,53,23,80,19,24,90,RORO,,12,,false,
559,93,43,85,71,,32,3,CONTAINER,,,,false,
560,8,77,7,8,19,53,74,CRUISE,,29,,,7/26/2024
561,97,57,81,79,35,44,14,CRUISE,,,true,true,
562,85,67,97,48,9,93,25,OTHER,89,,true,,
563,11,93,34,49,,28,98,RORO,75,20,,false,
564,71,55,52,57,78,17,90,RORO,,65,,,
565,30,100,9,72,,58,3,CRUISE,,,,,
566,19,32,9,45,,65,95,TANKER,26,,,,
567,77,95,34,96,14,63,90,TANKER,,,false,true,
568,39,89,81,71,,62,27,CRUISE,,,,,
569,23,6,86,15,,54,27,TANKER,74,,false,true,
570,94,13,49,84,,64,64,RORO,53,,,,12/10/2024
571,33,30,5,42,,97,25,BULK,73,,,true,
572,25,22,37,8,,83,99,CRUISE,63,,,,
573,5,42,80,52,,33,28,TANKER,43,,true,true,
574,59,83,6,27,26,23,85,RORO,,,false,false,11/27/2024
575,96,34,100,83,,22,49,CRUISE,,,,false,6/5/2024
576,47,63,98,23,,33,34,OTHER,,66,false,,
577,18,50,14,98,,2,11,BULK,39,,,false,
578,49,57,65,41,,41,12,BULK,86,,,false,
579,23,61,45,23,,84,48,CONTAINER,,,,,7/13/2024
580,28,55,29,32,,22,74,RORO,,47,,false,
581,65,9,44,77,,34,85,BULK,,31,,true,
582,90,84,92,99,,11,35,CRUISE,,61,,,
583,82,9,64,65,,67,3,RORO,,,,,
584,65,50,29,12,,32,21,BULK,,86,false,,
585,99,9,79,90,,6,53,CONTAINER,,,false,,
586,91,44,21,69,47,43,69,OTHER,37,,,,
587,89,11,46,58,,89,32,BULK,84,,,true,
588,25,32,90,23,45,93,75,BULK,,,,,
589,70,22,55,72,,93,61,TANKER,,,false,,
590,36,96,30,37,,28,4,CRUISE,,77,,,
591,85,78,7,86,60,61,65,OTHER,,,true,,9/3/2024
592,56,79,81,32,64,47,3,BULK,,,true,,
593,52,80,31,100,,69,31,CONTAINER,,,,,
594,79,38,99,37,,40,54,CRUISE,,,true,,7/1/2024
595,2,65,52,42,,47,35,CONTAINER,,,false,,
596,65,81,98,87,,79,28,BULK,,,,,
597,56,76,9,81,,44,66,CONTAINER,,,,,
598,61,71,49,82,,68,38,CRUISE,,82,,,
599,88,74,20,7,,99,63,CONTAINER,8,,,,
600,77,65,64,79,,33,48,OTHER,,,,,
601,13,45,44,88,68,37,2,BULK,39,,,true,
602,15,16,53,1,,44,88,CRUISE,79,86,,true,
603,76,20,47,49,41,41,77,CRUISE,,,,,
604,20,10,56,29,,61,4,OTHER,,,true,true,
605,48,1,60,38,93,21,53,OTHER,,19,,,10/25/2024
606,62,82,50,51,57,70,49,BULK,,,,,
607,97,32,66,48,,5,73,BULK,,,,,
608,72,42,57,95,70,69,43,RORO,15,,,false,3/6/2025
609,3,83,3,67,67,69,33,RORO,17,,,,
610,96,24,98,19,,60,86,CONTAINER,12,,true,true,6/14/2024
611,42,23,79,93,,73,99,CONTAINER,,,,,
612,27,74,94,28,,80,53,CONTAINER,78,,,,
613,72,97,79,88,,77,50,OTHER,,70,,false,
614,57,90,94,14,1,89,91,TANKER,,,,,2/26/2025
615,84,8,4,97,,8,68,CRUISE,44,97,true,,
616,12,73,17,46,11,24,3,CONTAINER,52,,,,
617,71,84,84,21,10,94,80,CONTAINER,,,,,10/11/2024
618,76,16,25,45,,64,41,OTHER,,,true,true,11/11/2024
619,14,43,88,21,,53,70,RORO,,3,,,
620,3,83,91,47,,29,42,RORO,,,,,
621,90,76,67,32,,53,42,BULK,,,,,
622,33,76,36,37,,16,24,RORO,84,,,true,
623,98,80,42,74,6,24,74,BULK,,40,false,,
624,32,95,16,83,,4,15,BULK,97,,false,,
625,14,55,22,48,30,68,17,CONTAINER,64,,,,
626,22,81,14,72,16,1,76,OTHER,,,,,
627,26,41,99,81,,72,98,TANKER,64,,,,
628,47,22,16,40,,72,39,BULK,,,,,11/27/2024
629,32,82,33,38,,40,52,TANKER,,,,false,
630,14,95,46,92,,8,29,RORO,43,,,,
631,3,1,46,17,,96,66,RORO,,,false,,9/24/2024
632,65,67,7,29,,78,34,RORO,,,false,,
633,6,99,46,79,15,1,42,RORO,64,,,,
634,60,43,53,20,,63,5,TANKER,15,14,,,
635,2,51,43,72,,58,1,BULK,15,,true,false,9/3/2024
636,25,27,66,84,,31,66,RORO,,,,true,12/1/2024
637,88,83,21,26,,97,15,CRUISE,,20,false,,
638,69,72,71,100,,99,90,BULK,27,77,true,,
639,83,19,64,1,,79,45,BULK,39,,,,12/4/2024
640,31,61,6,46,,78,93,RORO,,,,,
641,35,16,84,96,,7,65,OTHER,,,false,,
642,82,6,39,61,89,66,53,CONTAINER,,,,,
643,81,40,63,98,17,93,59,RORO,,,true,true,3/25/2025
644,84,22,54,40,,64,72,BULK,91,,,,2/24/2025
645,95,88,86,46,,89,97,CRUISE,,,,,11/11/2024
646,33,41,57,88,28,76,38,TANKER,,,true,,
647,42,56,93,92,99,47,80,CONTAINER,,,,,7/11/2024
648,82,23,41,20,,25,15,CONTAINER,,,,true,4/13/2025
649,24,42,2,2,,58,6,CRUISE,37,,,,
650,42,70,27,44,,36,91,CONTAINER,,33,,true,
651,67,84,46,75,66,62,76,CONTAINER,,,,,
652,52,61,31,32,82,14,67,BULK,,,false,,
653,23,38,48,86,57,26,13,CONTAINER,,,false,,1/19/2025
654,72,48,2,23,14,78,30,RORO,,,,,
655,32,28,34,41,,96,51,BULK,,,,true,
656,22,34,99,1,,72,50,OTHER,97,95,false,,
657,39,47,81,47,89,95,51,CONTAINER,,,,,
658,74,93,71,85,8,71,96,CONTAINER,,,,false,
659,73,10,24,17,60,35,23,OTHER,,,true,,11/26/2024
660,73,29,5,80,82,48,84,BULK,,,true,,
661,31,46,14,15,,39,83,OTHER,40,,,true,
662,44,68,45,16,,98,29,CRUISE,,,,true,10/17/2024
663,61,40,31,60,87,8,44,BULK,89,91,true,true,
664,76,46,6,36,,25,1,BULK,,87,false,,
665,58,29,96,70,,26,4,OTHER,,,,true,2/3/2025
666,41,37,91,10,,5,89,RORO,58,93,,,6/27/2024
667,5,45,96,67,,1,36,TANKER,,,true,,
668,56,74,28,9,,49,74,RORO,,,,,1/20/2025
669,26,45,83,54,19,7,16,BULK,,18,,,
670,57,69,34,60,76,82,85,BULK,33,,false,,7/19/2024
671,95,100,1,11,,94,41,BULK,,40,,,
672,16,50,40,4,21,45,46,OTHER,,94,,,
673,34,90,18,80,,77,92,TANKER,50,,,,
674,47,92,62,5,,51,8,CRUISE,,,,false,
675,89,8,90,42,,29,34,TANKER,,65,,,1/8/2025
676,34,20,5,76,29,58,35,BULK,5,,,,
677,34,45,24,49,,33,23,CONTAINER,,92,,,
678,64,90,68,7,31,26,69,CRUISE,,99,,,
679,87,23,63,45,,23,95,OTHER,,,,,
680,29,32,9,72,,39,79,CRUISE,75,,false,false,
681,6,46,68,42,33,94,97,TANKER,,,false,true,1/24/2025
682,84,51,34,24,,24,97,OTHER,,,,,1/13/2025
683,15,23,29,90,,28,18,RORO,,,false,true,
684,38,27,65,9,,89,23,TANKER,78,,true,,5/11/2025
685,36,96,44,97,,61,94,BULK,,,,,2/12/2025
686,68,96,48,93,,46,68,CONTAINER,,,true,true,
687,53,56,4,97,,77,64,OTHER,13,31,,,
688,14,48,60,75,,32,94,TANKER,,,false,,
689,54,49,36,74,,69,56,BULK,,,,,
690,16,13,54,26,,84,93,RORO,,,,,6/6/2024
691,10,94,34,44,,49,59,TANKER,,,,,
692,73,75,87,80,,91,36,RORO,,,,,3/2/2025
693,26,95,10,32,43,78,80,TANKER,,,,,
694,22,36,95,15,100,99,84,CRUISE,,55,false,true,
695,10,81,73,25,57,65,94,CRUISE,31,,,,
696,20,85,51,41,54,3,86,BULK,,,,,
697,44,80,59,52,,87,18,BULK,66,,,,
698,70,42,92,49,49,98,65,RORO,,69,true,true,5/4/2025
699,15,68,23,20,,50,21,RORO,,1,,,
700,78,20,55,52,89,97,95,CONTAINER,49,,,false,
701,91,1,5,52,,69,7,CONTAINER,,,,,
702,64,19,65,4,,18,88,OTHER,,35,,,
703,97,30,16,19,33,56,16,CONTAINER,,,,,12/2/2024
704,100,96,30,80,,79,82,CRUISE,,44,,,
705,38,71,18,96,,62,42,TANKER,,92,,,
706,91,33,1,19,9,4,87,OTHER,,,,,
707,89,83,80,40,26,88,91,CONTAINER,31,,,true,
708,26,8,89,77,,94,68,RORO,77,,true,,11/7/2024
709,27,69,96,83,,49,40,RORO,,,,,8/14/2024
710,25,26,59,68,,45,72,OTHER,,,,,
711,78,22,63,44,84,1,84,BULK,,,,,8/10/2024
712,95,45,59,5,,24,5,CRUISE,40,87,true,,
713,61,87,23,47,,67,13,BULK,,,,,
714,76,89,85,81,,90,39,CONTAINER,35,14,,,12/17/2024
715,39,83,27,57,,98,93,OTHER,,,,true,
716,30,73,88,24,,54,24,CRUISE,,,,,
717,23,35,47,13,,6,66,CRUISE,22,,false,,
718,71,9,70,83,,62,1,TANKER,5,61,true,true,
719,36,49,77,86,64,65,41,CRUISE,,30,,,
720,37,10,77,70,5,32,96,BULK,,,,,
721,84,46,98,34,95,66,78,RORO,73,,,,3/25/2025
722,70,45,34,2,45,18,5,CRUISE,,,,,
723,80,9,30,70,,47,10,CRUISE,10,,,,
724,67,94,47,2,,1,49,CRUISE,,,,,4/10/2025
725,68,62,77,17,99,34,86,CONTAINER,,,,,
726,81,16,65,88,63,79,80,CONTAINER,,,true,,
727,80,15,40,49,31,46,45,CRUISE,,2,,true,
728,29,51,40,44,34,46,13,OTHER,64,10,,,7/17/2024
729,24,27,49,80,68,56,89,OTHER,,,false,,
730,31,7,37,18,,70,71,CRUISE,,,,,
731,14,47,76,47,,96,38,RORO,,,,true,
732,6,51,87,42,,58,3,BULK,23,,,false,
733,74,89,54,24,,9,68,CONTAINER,,,,,
734,81,83,95,84,,24,9,CRUISE,,78,,true,
735,2,28,4,64,,60,3,CRUISE,35,82,false,true,2/2/2025
736,49,82,87,5,,39,16,OTHER,20,,,false,
737,3,1,13,23,,40,8,RORO,,,,false,
738,59,53,59,14,47,44,68,OTHER,,,true,,
739,4,63,64,85,64,46,100,BULK,56,,,,
740,88,59,36,92,72,72,46,OTHER,,,,,
741,66,99,75,80,,21,23,BULK,,5,,,
742,46,7,65,88,,22,67,OTHER,,,,,3/30/2025
743,9,12,13,12,,16,19,OTHER,,,,,
744,29,91,33,69,,48,73,CRUISE,,,,,
745,58,100,66,33,,92,44,CRUISE,,,,,
746,51,80,20,42,,85,74,RORO,,,true,true,
747,82,86,36,55,,51,83,TANKER,,,,,10/10/2024
748,25,16,13,12,61,16,8,TANKER,,,false,,12/1/2024
749,18,25,40,3,,41,74,RORO,,,,,12/2/2024
750,71,73,74,48,,79,95,OTHER,,,,,
751,4,23,67,60,,85,94,TANKER,72,,true,,
752,8,40,96,96,,99,45,RORO,,,true,,
753,22,74,61,34,,29,50,TANKER,27,,false,,
754,28,17,89,27,,49,42,CRUISE,,,true,,4/17/2025
755,55,18,61,47,,94,86,RORO,,9,,,
756,51,66,35,98,78,12,39,TANKER,,,true,,
757,5,35,31,21,,19,55,TANKER,94,,,,5/24/2024
758,58,73,11,14,,87,29,CRUISE,75,,,,9/9/2024
759,58,34,45,78,66,73,82,TANKER,36,55,,,4/9/2025
760,23,27,98,17,6,72,1,OTHER,90,92,,,5/16/2025
761,35,75,93,77,,31,50,CONTAINER,,,,,8/13/2024
762,47,77,72,39,58,88,91,BULK,53,,,,
763,32,80,15,70,23,14,38,TANKER,70,63,false,,
764,67,98,95,9,,21,31,RORO,,,false,,
765,80,10,70,7,64,64,36,RORO,,,,,8/25/2024
766,40,5,78,2,,68,51,RORO,,,,,9/5/2024
767,23,29,85,82,,42,54,CONTAINER,,,,,1/23/2025
768,31,4,14,54,,53,68,CRUISE,,,,,
769,98,85,76,75,,100,71,BULK,,,,true,4/19/2025
770,90,43,2,35,,27,68,RORO,,,,false,
771,39,16,61,59,,54,65,CRUISE,,68,true,,3/13/2025
772,71,4,81,13,26,40,42,CONTAINER,92,,,,11/8/2024
773,55,32,1,89,73,66,95,CONTAINER,,,,,
774,79,35,23,79,,65,40,CRUISE,75,,true,,
775,86,10,40,56,,24,41,RORO,,,,,8/30/2024
776,61,1,67,14,,72,24,CONTAINER,,,,false,
777,90,12,37,30,,27,49,CONTAINER,52,9,,,
778,10,65,99,100,,56,2,CRUISE,,,,,
779,86,65,28,82,,68,20,TANKER,,,,false,
780,64,50,24,100,60,18,24,BULK,,,false,,12/26/2024
781,76,87,94,50,56,11,86,CRUISE,,,,true,
782,35,72,64,57,,36,1,CONTAINER,28,38,true,,9/25/2024
783,30,76,38,99,60,41,16,CRUISE,73,,,,
784,11,72,67,82,21,97,42,RORO,70,,,false,
785,98,75,88,87,31,20,8,OTHER,75,59,,,
786,53,84,66,100,54,94,92,TANKER,,,,false,
787,39,91,65,96,31,36,96,CRUISE,,,,,
788,80,72,8,37,,98,80,RORO,,98,true,,1/30/2025
789,1,69,48,49,,88,20,RORO,,,,,8/17/2024
790,98,53,45,99,,19,49,CRUISE,,,,,
791,2,79,82,25,,19,3,OTHER,88,,,false,
792,87,91,5,97,16,37,53,CRUISE,65,24,,,7/3/2024
793,69,72,7,5,,24,78,TANKER,,,true,true,
794,80,20,18,68,100,67,2,BULK,,,false,,
795,45,53,39,51,,34,19,TANKER,8,,,,3/9/2025
796,10,51,80,60,70,87,38,TANKER,,,,true,
797,96,65,18,78,,55,8,RORO,,,,false,9/23/2024
798,1,79,15,11,28,66,33,CONTAINER,91,95,false,,
799,48,1,5,29,96,76,64,CRUISE,27,,,,
800,42,41,97,53,,25,41,BULK,,0,,false,
801,86,52,81,97,42,14,24,CONTAINER,,37,false,,
802,31,18,35,69,,30,32,CONTAINER,,92,,,11/3/2024
803,2,19,66,34,,83,36,BULK,38,31,,,
804,83,40,43,16,,89,35,CONTAINER,75,,,true,
805,90,52,70,18,,83,35,CRUISE,,,,,
806,46,75,16,55,,85,95,CRUISE,,56,false,,
807,2,86,95,87,,56,55,RORO,69,,true,,5/24/2024
808,1,13,27,21,26,92,34,CONTAINER,,61,,false,1/2/2025
809,97,15,8,5,,29,50,OTHER,,,,,
810,78,8,88,45,,81,73,RORO,,,,true,1/8/2025
811,67,73,16,83,,91,4,OTHER,,,true,,2/26/2025
812,15,63,4,37,,89,55,BULK,,38,false,,8/12/2024
813,90,23,92,63,,20,93,TANKER,44,,,,
814,53,26,56,52,22,98,52,BULK,82,,true,,7/18/2024
815,14,65,8,1,,71,90,RORO,,,,false,
816,51,94,87,56,1,40,97,TANKER,,,,,
817,100,39,56,35,,49,80,CRUISE,18,73,,false,8/19/2024
818,67,5,3,82,,17,87,CRUISE,,,true,,
819,40,2,32,60,,75,65,CONTAINER,69,,,true,3/10/2025
820,4,55,53,40,,44,10,OTHER,47,,,false,7/17/2024
821,32,94,67,33,,76,67,CONTAINER,,,,,
822,8,59,6,47,62,60,17,OTHER,11,,,true,
823,63,93,92,15,54,63,93,RORO,,,,,
824,60,21,74,51,44,88,13,BULK,,,,false,
825,15,69,47,44,8,62,69,CRUISE,49,,,true,
826,51,62,30,6,9,59,19,CONTAINER,,,,,4/29/2025
827,12,58,24,92,,49,18,RORO,,,true,,
828,100,60,4,26,,2,73,RORO,,73,,,
829,92,65,64,62,,12,4,BULK,,,,false,
830,35,91,57,21,,13,48,OTHER,7,,,,11/16/2024
831,54,66,96,98,,39,47,RORO,50,,false,true,
832,27,13,100,18,54,69,15,RORO,,24,true,,
833,29,88,71,44,20,57,29,CONTAINER,,,false,,
834,88,63,4,97,48,28,88,TANKER,,,false,,
835,49,98,89,47,82,68,77,OTHER,,,,,
836,19,21,34,71,,95,67,TANKER,,9,,,12/27/2024
837,52,100,85,28,,47,2,TANKER,,20,,,11/23/2024
838,14,20,77,85,,93,15,TANKER,,,,,
839,16,25,92,52,10,13,32,RORO,,,,false,
840,91,69,75,92,,39,73,RORO,,,,,
841,76,81,92,41,24,80,11,TANKER,2,,false,,6/21/2024
842,62,50,38,28,31,43,5,CONTAINER,,,false,,4/29/2025
843,71,79,70,21,,9,80,OTHER,69,,,,
844,86,44,55,94,78,13,19,OTHER,,,,,7/21/2024
845,20,88,76,9,,38,86,TANKER,48,,,,
846,87,71,60,52,4,30,1,OTHER,5,,,,
847,94,1,84,24,,77,6,BULK,72,3,,,
848,83,31,90,44,,56,50,CONTAINER,,,true,,
849,20,95,41,38,,14,8,BULK,68,,true,,2/15/2025
850,92,42,18,37,,88,8,CONTAINER,,,,,
851,53,28,39,36,,33,26,OTHER,,,false,,3/12/2025
852,94,91,92,65,,99,44,RORO,,,,,4/19/2025
853,33,62,34,92,,19,45,TANKER,,33,,,12/25/2024
854,57,95,69,21,,91,23,OTHER,99,,,true,2/4/2025
855,22,87,9,46,,10,4,CRUISE,,,,,
856,59,78,48,18,,25,51,RORO,,,,false,9/13/2024
857,11,29,99,89,,93,7,OTHER,93,78,,true,8/7/2024
858,9,5,50,67,,32,37,CRUISE,,15,,,8/22/2024
859,79,10,6,11,91,15,78,CONTAINER,,,,,
860,2,86,97,87,,31,11,CRUISE,,,,false,
861,3,3,48,76,,33,3,CRUISE,37,,false,true,
862,11,7,81,37,,6,59,RORO,,,,false,
863,74,71,21,5,,74,93,OTHER,,,,false,12/5/2024
864,47,38,25,46,,9,67,TANKER,61,,,false,
865,72,84,100,61,,26,45,OTHER,,49,,,
866,100,73,82,55,,57,28,CRUISE,36,,,false,
867,21,15,37,6,52,22,78,RORO,22,3,,true,
868,69,1,95,56,,89,83,OTHER,95,,true,false,
869,62,18,34,31,6,52,29,BULK,,27,true,,
870,88,14,72,74,,91,19,CONTAINER,,,false,,
871,46,38,63,90,6,64,7,CRUISE,,59,,,12/30/2024
872,7,76,53,16,,75,3,CONTAINER,77,,false,,
873,22,58,3,23,,23,98,OTHER,,,,,
874,43,12,63,82,,17,35,BULK,94,6,false,,
875,3,13,38,71,,7,27,CONTAINER,81,,true,false,
876,28,93,7,37,,74,74,CONTAINER,,84,true,,
877,82,69,31,22,,37,91,TANKER,,,true,false,
878,12,87,45,14,77,86,73,CRUISE,,,true,,
879,14,39,61,46,,53,76,TANKER,,,,,
880,31,68,97,25,,32,96,CONTAINER,,,,,
881,49,44,51,74,,93,59,OTHER,,,false,,3/27/2025
882,97,57,85,41,,67,64,CONTAINER,,,,,
883,6,64,79,29,,74,18,TANKER,,,false,,
884,100,54,47,21,20,53,85,RORO,,,true,true,
885,33,90,49,15,,67,17,RORO,,80,,false,
886,69,96,93,52,,96,3,CONTAINER,51,,,,3/8/2025
887,32,26,34,76,,42,11,OTHER,,,true,,
888,4,100,15,90,,12,64,CONTAINER,,,,,
889,27,40,50,29,,69,74,CRUISE,61,41,true,,
890,95,52,23,18,84,100,22,OTHER,3,,,false,1/22/2025
891,37,82,25,2,,11,35,TANKER,,55,false,,
892,62,26,56,67,90,5,95,CONTAINER,,,,,
893,58,63,36,46,23,50,39,CRUISE,,,,,3/11/2025
894,29,14,9,84,,18,36,CONTAINER,82,17,,,
895,33,49,97,21,,96,71,TANKER,,,,,
896,4,53,3,29,,80,39,TANKER,31,,,,
897,73,13,16,94,94,27,7,OTHER,,27,,true,
898,45,49,65,81,,1,25,RORO,7,,,,
899,3,94,41,64,23,41,83,RORO,,,,,
900,2,99,67,84,,30,96,OTHER,,,,,
901,100,86,76,29,74,19,21,CRUISE,,,,,
902,87,53,34,30,95,99,40,OTHER,,,,,
903,6,46,80,70,,49,61,CONTAINER,,,,,
904,76,49,59,4,,87,89,TANKER,,8,,,
905,100,8,72,57,,86,78,OTHER,39,,,false,1/8/2025
906,74,20,8,87,,52,5,OTHER,98,,true,,
907,79,67,79,60,,30,65,CRUISE,,,,,
908,30,14,17,25,,100,100,CRUISE,,,,true,
909,27,75,3,30,56,39,58,OTHER,,,,,
910,42,8,65,98,27,93,56,CONTAINER,,,,,4/11/2025
911,79,59,56,7,,69,99,RORO,84,,,,
912,49,18,87,92,,28,13,TANKER,,,,,4/21/2025
913,51,71,89,95,19,25,82,CRUISE,,,,,
914,90,4,70,74,,2,6,RORO,40,,,true,
915,77,32,31,39,,38,88,OTHER,,,,,
916,8,20,39,29,,7,26,CRUISE,,,,,
917,74,33,19,9,95,16,5,CRUISE,4,,false,,
918,77,28,47,1,,83,77,CONTAINER,,,false,false,
919,36,29,51,91,,55,90,TANKER,,,false,,
920,86,74,32,51,,80,2,CRUISE,,,,true,
921,33,91,24,16,,66,33,CRUISE,,,false,false,
922,70,59,42,95,51,99,1,BULK,,12,false,,
923,13,11,48,56,,7,68,RORO,,,,true,
924,94,77,40,76,3,5,48,BULK,,,,,
925,3,88,68,71,,69,96,RORO,,62,,,2/5/2025
926,53,93,53,6,,40,76,CONTAINER,,,true,,
927,61,80,61,24,8,11,94,OTHER,,,,true,
928,32,56,29,34,19,44,51,RORO,,70,,true,6/29/2024
929,11,25,84,73,,53,93,BULK,,14,,,2/9/2025
930,47,49,76,43,,74,46,TANKER,0,,true,,
931,97,74,23,93,3,9,67,CONTAINER,,,,,
932,90,95,20,48,,9,51,RORO,,,,,5/7/2025
933,54,13,16,45,,5,67,CONTAINER,,,,false,9/25/2024
934,12,59,100,11,,21,18,BULK,,,,,
935,58,6,70,39,52,20,9,CONTAINER,50,95,,,
936,88,98,79,71,25,2,23,CONTAINER,,22,true,false,
937,52,5,41,76,,1,38,RORO,,,,,
938,40,18,74,71,,86,91,OTHER,18,53,false,,11/7/2024
939,89,99,47,44,97,20,31,BULK,,,,true,
940,1,47,98,85,,71,77,CRUISE,,95,,,
941,32,87,11,15,,63,55,OTHER,62,,,,
942,22,31,65,15,69,8,63,RORO,,63,,,
943,14,92,26,68,,94,12,RORO,,50,,,
944,9,57,12,66,69,96,97,OTHER,63,,,,
945,97,84,41,20,61,44,93,RORO,,,,false,
946,73,16,46,47,,39,36,CONTAINER,15,,,,3/10/2025
947,25,93,65,8,,59,97,TANKER,,,true,,
948,26,20,84,52,,7,60,RORO,,,false,true,
949,32,38,13,13,,5,94,OTHER,48,,,,
950,58,66,48,6,,95,93,OTHER,,,,,
951,31,60,23,52,,25,10,TANKER,59,19,,,
952,83,15,66,5,,59,62,OTHER,,2,,,
953,60,26,35,84,,92,69,BULK,,,,,
954,54,73,38,49,,100,25,TANKER,,,,false,
955,10,67,57,64,,34,34,RORO,91,,,false,
956,95,32,65,70,,15,81,CRUISE,,,,,
957,86,49,31,65,,96,41,RORO,,,,,
958,90,6,75,69,83,37,27,CRUISE,,,,,1/5/2025
959,39,6,18,18,90,7,1,CONTAINER,49,50,true,false,
960,66,53,88,12,,1,40,CONTAINER,,31,true,false,
961,32,98,21,92,51,4,59,CRUISE,,,,false,
962,1,53,77,38,,35,47,CRUISE,,,,,
963,97,13,74,47,,95,69,CONTAINER,,,,,12/19/2024
964,34,20,43,77,57,81,39,RORO,,,true,,
965,18,7,81,98,,29,20,RORO,,,true,,9/22/2024
966,35,58,52,73,,44,61,TANKER,,,,true,
967,70,12,97,65,,17,52,OTHER,,,,,
968,21,59,67,39,56,71,35,TANKER,70,,,true,
969,25,63,62,76,,57,42,CONTAINER,,22,false,,
970,19,80,46,10,16,8,52,RORO,13,,,true,2/16/2025
971,31,45,96,69,11,60,93,BULK,31,,,,3/22/2025
972,12,38,21,75,,62,95,CRUISE,95,,,true,
973,71,9,29,69,,51,32,CONTAINER,,1,,,
974,28,18,27,98,,97,49,BULK,,,false,,10/21/2024
975,83,100,39,14,,9,24,OTHER,,,true,,
976,18,62,3,100,94,58,8,RORO,,9,,,
977,45,77,37,36,,6,14,CONTAINER,,57,,,6/3/2024
978,9,37,4,24,35,78,13,CONTAINER,,12,,,9/27/2024
979,37,66,21,64,,41,64,RORO,,,,,
980,86,14,9,1,,92,47,RORO,7,,false,,
981,23,36,71,81,,76,21,BULK,81,,,,7/20/2024
982,71,3,85,37,,61,50,RORO,,29,,false,
983,1,97,33,81,,13,4,TANKER,,23,,,
984,93,66,41,25,43,69,73,OTHER,,,true,,4/18/2025
985,56,67,84,66,,72,87,TANKER,,,,true,3/17/2025
986,99,50,41,34,18,34,24,RORO,,,,,
987,52,99,13,85,76,69,51,BULK,,,false,,
988,45,36,34,94,,86,55,CRUISE,,,,,
989,2,88,36,99,90,29,22,CONTAINER,,,,true,
990,98,85,70,6,16,38,19,CONTAINER,,,,false,
991,60,94,94,69,,22,90,BULK,89,4,,,
992,28,94,60,32,,7,88,OTHER,,,,false,
993,55,76,38,47,57,53,63,CRUISE,,,true,,
994,73,100,94,49,74,34,42,BULK,29,,,,4/11/2025
995,94,81,100,5,,42,54,RORO,,,true,,
996,51,26,78,8,,41,36,TANKER,59,,,,
997,97,30,52,23,,34,83,TANKER,,,,,
998,44,32,95,20,,26,48,OTHER,61,,false,,12/18/2024
999,45,44,6,28,59,68,20,RORO,,,,,
1000,95,62,43,74,,7,53,TANKER,,,false,,11/16/2024
